Experiment,Level,Instance,Seed,N,NumTrucks_Set,NumDirectDrones_Set,NumCarDrones_Set,TruckSpeed_Set,DroneSpeed_Set,Cost,Time,Penalty,TruckService_Count,DirectService_Count,CarService_Count,AirService_Count,ActiveTruck_Count,ActiveDirect_Count,ActiveCar_Count,Runtime_s
TruckCount,T=6,r101.txt,4201,100,6,5,1,10.0,20.0,86.17695302106475,2460.0,30404.588098062493,92,0,8,8,4,0,4,78.25686287879944
TruckCount,T=6,r101.txt,4202,100,6,5,1,10.0,20.0,114.15068702026542,1870.0,7249.656015616581,93,7,0,7,6,3,0,76.82399153709412
TruckCount,T=6,r101.txt,4203,100,6,5,1,10.0,20.0,85.85850205024411,2440.0,28375.561419836893,90,0,10,10,4,0,4,77.64706254005432
TruckCount,T=6,r101.txt,4204,100,6,5,1,10.0,20.0,104.97014683764662,2290.0,12720.0,91,3,6,9,5,1,4,78.2170627117157
TruckCount,T=6,r101.txt,4205,100,6,5,1,10.0,20.0,112.29064872580098,2100.0,12410.490002020782,94,3,3,6,6,1,1,78.52088665962219
TruckCount,T=6,r101.txt,4206,100,6,5,1,10.0,20.0,87.08177749872578,2750.0,24941.478150704934,90,4,6,10,4,1,3,78.0430817604065
TruckCount,T=6,r101.txt,4207,100,6,5,1,10.0,20.0,81.36772409873402,2850.0,34720.0,94,5,1,6,4,1,1,76.39544796943665
TruckCount,T=6,r101.txt,4208,100,6,5,1,10.0,20.0,111.37127485190776,2120.0,8561.478150704934,91,6,3,9,6,1,1,87.2006368637085
TruckCount,T=6,r101.txt,4209,100,6,5,1,10.0,20.0,106.85642210134864,2190.0,15940.0,99,1,0,1,6,1,0,78.77779936790466
TruckCount,T=6,r101.txt,4210,100,6,5,1,10.0,20.0,112.8523286800561,2180.0,7820.0,94,6,0,6,6,2,0,74.05948376655579
TruckCount,T=6,r101.txt,4211,100,6,5,1,10.0,20.0,89.33574599779848,2460.0,23265.117761011723,88,4,8,12,4,1,4,78.86467409133911
TruckCount,T=6,r101.txt,4212,100,6,5,1,10.0,20.0,112.3825822448447,2030.0,10140.588644261148,90,7,3,10,6,1,1,70.28721308708191
TruckCount,T=6,r101.txt,4213,100,6,5,1,10.0,20.0,109.0934265533687,2160.0,12870.0,95,5,0,5,6,1,0,70.31909680366516
TruckCount,T=6,r101.txt,4214,100,6,5,1,10.0,20.0,111.34764264379162,2020.0,8403.66316612205,91,6,3,9,6,1,1,74.67654061317444
TruckCount,T=6,r101.txt,4215,100,6,5,1,10.0,20.0,98.35079280078602,2330.0,17830.0,93,4,3,7,5,1,2,74.16164135932922
TruckCount,T=6,r101.txt,4216,100,6,5,1,10.0,20.0,89.14728042726375,2400.0,27381.478150704934,91,3,6,9,4,1,4,78.32097673416138
TruckCount,T=6,r101.txt,4217,100,6,5,1,10.0,20.0,86.37559381736074,2450.0,30135.090623379438,94,0,6,6,4,0,4,69.65729331970215
TruckCount,T=6,r101.txt,4218,100,6,5,1,10.0,20.0,106.85642210134864,2190.0,15020.0,99,0,1,1,6,0,1,70.89631795883179
TruckCount,T=6,r101.txt,4219,100,6,5,1,10.0,20.0,89.38497477825248,2410.0,28691.478150704934,91,2,7,9,4,1,4,71.36099076271057
TruckCount,T=6,r101.txt,4220,100,6,5,1,10.0,20.0,113.82138216227986,1940.0,7461.42210950947,92,4,4,8,6,1,2,67.40296268463135
TruckCount,T=6,r101.txt,4221,100,6,5,1,10.0,20.0,121.04532233154224,1760.0,4206.958917134434,81,15,4,19,6,3,2,62.90643310546875
TruckCount,T=6,r101.txt,4222,100,6,5,1,10.0,20.0,111.85509363085563,1920.0,8289.725792584508,92,8,0,8,6,2,0,69.1458797454834
TruckCount,T=6,r101.txt,4223,100,6,5,1,10.0,20.0,113.6964727554428,2000.0,13690.0,97,3,0,3,6,3,0,70.37161874771118
TruckCount,T=6,r101.txt,4224,100,6,5,1,10.0,20.0,120.07441562138108,1840.0,6041.571159610704,84,10,6,16,6,2,2,67.0231351852417
TruckCount,T=6,r101.txt,4225,100,6,5,1,10.0,20.0,112.58416174676977,2090.0,9986.287399376304,95,5,0,5,6,2,0,70.92835640907288
TruckCount,T=6,r101.txt,4226,100,6,5,1,10.0,20.0,111.83757201173864,2230.0,10040.0,96,4,0,4,6,2,0,69.18028092384338
TruckCount,T=6,r101.txt,4227,100,6,5,1,10.0,20.0,89.6366537064379,2600.0,26988.86309456309,88,2,10,12,4,1,4,76.6837067604065
TruckCount,T=6,r101.txt,4228,100,6,5,1,10.0,20.0,103.9812965295301,2330.0,15873.411298051384,91,2,7,9,5,2,3,73.94352865219116
TruckCount,T=6,r101.txt,4229,100,6,5,1,10.0,20.0,117.06868335900454,1960.0,6690.0,86,10,4,14,6,2,2,73.53750777244568
TruckCount,T=6,r101.txt,4230,100,6,5,1,10.0,20.0,88.97055046661008,2400.0,26718.963868524217,87,2,11,13,5,1,5,74.05442404747009
TruckCount,T=8,r101.txt,4201,100,8,5,1,10.0,20.0,138.3243913420347,1700.0,1075.6276074913728,84,8,8,16,7,2,4,52.98561501502991
TruckCount,T=8,r101.txt,4202,100,8,5,1,10.0,20.0,157.12994045119288,1780.0,0.0,81,15,4,19,8,4,2,47.70633840560913
TruckCount,T=8,r101.txt,4203,100,8,5,1,10.0,20.0,139.59272030410142,1810.0,3520.0,89,7,4,11,7,2,4,47.05069899559021
TruckCount,T=8,r101.txt,4204,100,8,5,1,10.0,20.0,157.89793314546944,1640.0,100.0,79,11,10,21,8,3,4,44.81024193763733
TruckCount,T=8,r101.txt,4205,100,8,5,1,10.0,20.0,161.24679933738298,1780.0,0.0,77,9,14,23,8,3,5,47.631584882736206
TruckCount,T=8,r101.txt,4206,100,8,5,1,10.0,20.0,161.02430862194973,1750.0,0.0,76,11,13,24,8,4,4,47.19521808624268
TruckCount,T=8,r101.txt,4207,100,8,5,1,10.0,20.0,158.64313467050934,1750.0,0.0,80,8,12,20,8,3,4,46.17896389961243
TruckCount,T=8,r101.txt,4208,100,8,5,1,10.0,20.0,144.10594443649492,1770.0,476.28739937630417,83,8,9,17,7,3,4,44.94768190383911
TruckCount,T=8,r101.txt,4209,100,8,5,1,10.0,20.0,141.51109927595755,1830.0,2682.8533025558645,86,5,9,14,7,2,5,52.17542862892151
TruckCount,T=8,r101.txt,4210,100,8,5,1,10.0,20.0,170.2964930076654,1720.0,0.0,73,15,12,27,8,5,6,46.969844579696655
TruckCount,T=8,r101.txt,4211,100,8,5,1,10.0,20.0,165.35135495656067,1790.0,0.0,74,16,10,26,8,5,4,45.50449633598328
TruckCount,T=8,r101.txt,4212,100,8,5,1,10.0,20.0,142.27116063668427,1940.0,2870.0,86,3,11,14,8,1,7,46.33394432067871
TruckCount,T=8,r101.txt,4213,100,8,5,1,10.0,20.0,159.40375629179852,1820.0,0.0,76,17,7,24,8,4,3,47.18619513511658
TruckCount,T=8,r101.txt,4214,100,8,5,1,10.0,20.0,135.05527138802188,1700.0,4788.225763662915,87,7,6,13,7,2,3,46.9585816860199
TruckCount,T=8,r101.txt,4215,100,8,5,1,10.0,20.0,161.90880101698392,1780.0,0.0,79,10,11,21,8,4,4,47.2889301776886
TruckCount,T=8,r101.txt,4216,100,8,5,1,10.0,20.0,134.1302860666204,1850.0,5940.0,90,4,6,10,7,1,4,50.82074856758118
TruckCount,T=8,r101.txt,4217,100,8,5,1,10.0,20.0,132.48736538406467,1840.0,3760.0,88,7,5,12,7,2,2,49.000046730041504
TruckCount,T=8,r101.txt,4218,100,8,5,1,10.0,20.0,154.31490754754537,1800.0,0.0,82,12,6,18,8,4,2,48.166457176208496
TruckCount,T=8,r101.txt,4219,100,8,5,1,10.0,20.0,134.98649855499474,1780.0,3874.08326913196,87,5,8,13,7,1,4,50.0197901725769
TruckCount,T=8,r101.txt,4220,100,8,5,1,10.0,20.0,145.13474517846907,1850.0,2480.0,91,7,2,9,8,2,1,50.86263275146485
TruckCount,T=8,r101.txt,4221,100,8,5,1,10.0,20.0,129.15043081201298,1970.0,6130.0,92,4,4,8,7,1,2,46.893229961395264
TruckCount,T=8,r101.txt,4222,100,8,5,1,10.0,20.0,161.07065867444507,1650.0,0.0,77,13,10,23,8,4,4,45.29165744781494
TruckCount,T=8,r101.txt,4223,100,8,5,1,10.0,20.0,116.60201452180893,1930.0,10395.117761011725,92,0,8,8,6,0,4,50.30970525741577
TruckCount,T=8,r101.txt,4224,100,8,5,1,10.0,20.0,141.5797459521473,1670.0,1330.0,83,11,6,17,7,4,3,47.30576300621033
TruckCount,T=8,r101.txt,4225,100,8,5,1,10.0,20.0,137.00041637724087,1770.0,1060.0,81,11,8,19,7,2,3,50.02982449531555
TruckCount,T=8,r101.txt,4226,100,8,5,1,10.0,20.0,132.41437394383436,1860.0,5305.901699437494,91,6,3,9,7,2,2,51.15395951271057
TruckCount,T=8,r101.txt,4227,100,8,5,1,10.0,20.0,135.57094909715238,1800.0,2337.728238015537,85,8,7,15,7,2,3,45.76944351196289
TruckCount,T=8,r101.txt,4228,100,8,5,1,10.0,20.0,145.19520113954542,1710.0,1110.0,82,9,9,18,7,3,5,51.078632831573486
TruckCount,T=8,r101.txt,4229,100,8,5,1,10.0,20.0,135.4710316448892,1800.0,1060.0,86,9,5,14,7,2,3,47.08587336540222
TruckCount,T=8,r101.txt,4230,100,8,5,1,10.0,20.0,133.66848556689106,1880.0,4838.292524058086,89,0,11,11,7,0,4,49.45312190055847
TruckCount,T=10,r101.txt,4201,100,10,5,1,10.0,20.0,174.2627039252489,1610.0,0.0,81,4,15,19,9,2,6,36.54728031158447
TruckCount,T=10,r101.txt,4202,100,10,5,1,10.0,20.0,191.8390600296482,1720.0,0.0,82,13,5,18,10,4,4,38.54747724533081
TruckCount,T=10,r101.txt,4203,100,10,5,1,10.0,20.0,179.9847467373271,1630.0,0.0,85,7,8,15,10,2,3,38.12994956970215
TruckCount,T=10,r101.txt,4204,100,10,5,1,10.0,20.0,181.76958414137368,1610.0,0.0,83,12,5,17,10,3,2,35.083229303359985
TruckCount,T=10,r101.txt,4205,100,10,5,1,10.0,20.0,177.12668496029335,1830.0,0.0,90,8,2,10,10,3,1,40.31082773208618
TruckCount,T=10,r101.txt,4206,100,10,5,1,10.0,20.0,183.3498731941122,1650.0,0.0,81,12,7,19,10,3,3,40.2638635635376
TruckCount,T=10,r101.txt,4207,100,10,5,1,10.0,20.0,181.4149671883795,1650.0,0.0,83,11,6,17,10,3,2,37.437026023864746
TruckCount,T=10,r101.txt,4208,100,10,5,1,10.0,20.0,182.9527444472957,1720.0,0.0,84,9,7,16,10,3,3,39.22541880607605
TruckCount,T=10,r101.txt,4209,100,10,5,1,10.0,20.0,182.4126426515687,1690.0,0.0,85,8,7,15,10,3,2,38.08847570419312
TruckCount,T=10,r101.txt,4210,100,10,5,1,10.0,20.0,188.44621571830413,1640.0,0.0,80,13,7,20,10,3,4,37.97425842285156
TruckCount,T=10,r101.txt,4211,100,10,5,1,10.0,20.0,181.60811169883067,1640.0,0.0,84,9,7,16,10,2,3,37.426398515701294
TruckCount,T=10,r101.txt,4212,100,10,5,1,10.0,20.0,180.44965541080475,1540.0,0.0,84,10,6,16,10,2,3,35.78104591369629
TruckCount,T=10,r101.txt,4213,100,10,5,1,10.0,20.0,169.6377652050657,1640.0,0.0,79,10,11,21,9,2,4,39.41324758529663
TruckCount,T=10,r101.txt,4214,100,10,5,1,10.0,20.0,182.2281305108962,1550.0,0.0,85,4,11,15,10,2,4,36.97228455543518
TruckCount,T=10,r101.txt,4215,100,10,5,1,10.0,20.0,180.2625143800692,1640.0,0.0,86,7,7,14,10,2,3,34.37996435165405
TruckCount,T=10,r101.txt,4216,100,10,5,1,10.0,20.0,179.5171988384741,1570.0,0.0,86,8,6,14,10,2,3,41.03407979011536
TruckCount,T=10,r101.txt,4217,100,10,5,1,10.0,20.0,179.99452849619817,1430.0,0.0,83,9,8,17,10,2,3,36.54805374145508
TruckCount,T=10,r101.txt,4218,100,10,5,1,10.0,20.0,186.44081802563147,1570.0,0.0,82,9,9,18,10,3,4,35.80629372596741
TruckCount,T=10,r101.txt,4219,100,10,5,1,10.0,20.0,185.3524166676748,1720.0,0.0,88,6,6,12,10,3,3,37.787686586380005
TruckCount,T=10,r101.txt,4220,100,10,5,1,10.0,20.0,167.95357235781017,1580.0,0.0,79,10,11,21,9,2,4,38.921303033828735
TruckCount,T=10,r101.txt,4221,100,10,5,1,10.0,20.0,171.3749720302285,1740.0,0.0,83,13,4,17,9,4,2,39.56533908843994
TruckCount,T=10,r101.txt,4222,100,10,5,1,10.0,20.0,182.9382629757672,1650.0,0.0,85,12,3,15,10,3,2,38.31374931335449
TruckCount,T=10,r101.txt,4223,100,10,5,1,10.0,20.0,183.19577173218948,1480.0,0.0,83,8,9,17,10,2,4,36.90014934539795
TruckCount,T=10,r101.txt,4224,100,10,5,1,10.0,20.0,181.87093606438407,1660.0,0.0,83,8,9,17,10,2,3,36.31007766723633
TruckCount,T=10,r101.txt,4225,100,10,5,1,10.0,20.0,171.83982200382766,1620.0,0.0,78,12,10,22,9,3,4,37.71807646751404
TruckCount,T=10,r101.txt,4226,100,10,5,1,10.0,20.0,179.9830928138432,1580.0,0.0,83,10,7,17,10,3,2,37.13087272644043
TruckCount,T=10,r101.txt,4227,100,10,5,1,10.0,20.0,172.07121601024454,1610.0,0.0,81,11,8,19,9,2,5,32.50018668174744
TruckCount,T=10,r101.txt,4228,100,10,5,1,10.0,20.0,184.2252168558419,1890.0,0.0,82,10,8,18,10,3,3,38.28644895553589
TruckCount,T=10,r101.txt,4229,100,10,5,1,10.0,20.0,191.86854968203733,1770.0,0.0,83,10,7,17,10,4,4,38.673455476760864
TruckCount,T=10,r101.txt,4230,100,10,5,1,10.0,20.0,183.45137251079151,1730.0,0.0,84,11,5,16,10,2,3,36.752508878707886
TruckCount,T=12,r101.txt,4201,100,12,5,1,10.0,20.0,209.5438250247146,1330.0,0.0,84,11,5,16,12,3,2,32.79291582107544
TruckCount,T=12,r101.txt,4202,100,12,5,1,10.0,20.0,192.896465888947,1540.0,0.0,89,3,8,11,11,1,3,33.42444968223572
TruckCount,T=12,r101.txt,4203,100,12,5,1,10.0,20.0,215.58354353619188,1620.0,0.0,85,5,10,15,12,2,4,33.748051166534424
TruckCount,T=12,r101.txt,4204,100,12,5,1,10.0,20.0,209.20796446711807,1480.0,0.0,86,5,9,14,12,2,3,31.11696767807007
TruckCount,T=12,r101.txt,4205,100,12,5,1,10.0,20.0,207.1465478168315,1490.0,0.0,87,10,3,13,12,2,2,29.713698863983154
TruckCount,T=12,r101.txt,4206,100,12,5,1,10.0,20.0,206.69413206480527,1730.0,0.0,90,4,6,10,12,1,3,33.19038987159729
TruckCount,T=12,r101.txt,4207,100,12,5,1,10.0,20.0,194.84374297498684,1600.0,0.0,90,4,6,10,11,3,2,32.10761475563049
TruckCount,T=12,r101.txt,4208,100,12,5,1,10.0,20.0,204.9084130655918,1590.0,0.0,91,6,3,9,12,2,1,36.239956855773926
TruckCount,T=12,r101.txt,4209,100,12,5,1,10.0,20.0,210.57404056215228,1720.0,0.0,92,4,4,8,12,3,2,32.576544761657715
TruckCount,T=12,r101.txt,4210,100,12,5,1,10.0,20.0,197.15939965642485,1580.0,0.0,86,6,8,14,11,3,3,34.11461901664734
TruckCount,T=12,r101.txt,4211,100,12,5,1,10.0,20.0,197.57900533039813,1510.0,0.0,84,8,8,16,11,3,3,31.93049120903015
TruckCount,T=12,r101.txt,4212,100,12,5,1,10.0,20.0,196.5894975697932,1640.0,0.0,83,11,6,17,11,3,2,32.081862449646
TruckCount,T=12,r101.txt,4213,100,12,5,1,10.0,20.0,191.72605901923745,1800.0,0.0,88,5,7,12,11,1,3,31.693572759628296
TruckCount,T=12,r101.txt,4214,100,12,5,1,10.0,20.0,194.07119297214905,1540.0,0.0,88,2,10,12,11,1,3,32.46145725250244
TruckCount,T=12,r101.txt,4215,100,12,5,1,10.0,20.0,209.2000811463828,1580.0,0.0,87,6,7,13,12,2,3,31.854417085647583
TruckCount,T=12,r101.txt,4216,100,12,5,1,10.0,20.0,194.59685810688703,1420.0,0.0,86,9,5,14,11,3,2,33.3176486492157
TruckCount,T=12,r101.txt,4217,100,12,5,1,10.0,20.0,212.87473664338287,1540.0,0.0,88,3,9,12,12,2,4,31.45549988746643
TruckCount,T=12,r101.txt,4218,100,12,5,1,10.0,20.0,196.4461768728912,1490.0,0.0,83,5,12,17,11,1,4,32.022348165512085
TruckCount,T=12,r101.txt,4219,100,12,5,1,10.0,20.0,213.76256070778683,1520.0,0.0,86,5,9,14,12,2,4,31.297935247421265
TruckCount,T=12,r101.txt,4220,100,12,5,1,10.0,20.0,210.5524583365409,1580.0,0.0,88,4,8,12,12,2,3,30.91870379447937
TruckCount,T=12,r101.txt,4221,100,12,5,1,10.0,20.0,208.33335177672728,1710.0,0.0,89,4,7,11,12,1,3,32.27369451522827
TruckCount,T=12,r101.txt,4222,100,12,5,1,10.0,20.0,196.7264225036309,1540.0,0.0,88,10,2,12,11,3,2,33.238677978515625
TruckCount,T=12,r101.txt,4223,100,12,5,1,10.0,20.0,215.0094535892185,1330.0,0.0,82,9,9,18,12,4,3,34.75989651679993
TruckCount,T=12,r101.txt,4224,100,12,5,1,10.0,20.0,209.4697505321,1540.0,0.0,87,3,10,13,12,1,4,32.69705605506897
TruckCount,T=12,r101.txt,4225,100,12,5,1,10.0,20.0,211.51908929031345,1540.0,0.0,86,11,3,14,12,3,2,33.04773688316345
TruckCount,T=12,r101.txt,4226,100,12,5,1,10.0,20.0,207.045953395912,1670.0,0.0,88,7,5,12,12,2,2,33.90764307975769
TruckCount,T=12,r101.txt,4227,100,12,5,1,10.0,20.0,194.91555030054195,1590.0,0.0,89,8,3,11,11,3,2,33.45064425468445
TruckCount,T=12,r101.txt,4228,100,12,5,1,10.0,20.0,201.5721783298398,1360.0,0.0,82,6,12,18,11,2,5,35.67294430732727
TruckCount,T=12,r101.txt,4229,100,12,5,1,10.0,20.0,195.69397872139933,1650.0,0.0,90,4,6,10,11,2,3,33.49275732040405
TruckCount,T=12,r101.txt,4230,100,12,5,1,10.0,20.0,185.78192528046225,1490.0,0.0,84,6,10,16,10,2,5,32.63591384887695
TruckCount,T=15,r101.txt,4201,100,15,5,1,10.0,20.0,199.3075558929291,1560.0,0.0,85,5,10,15,11,2,4,26.038423776626587
TruckCount,T=15,r101.txt,4202,100,15,5,1,10.0,20.0,219.9070043185597,1370.0,0.0,90,4,6,10,13,2,2,29.165919542312626
TruckCount,T=15,r101.txt,4203,100,15,5,1,10.0,20.0,197.3254170291412,1630.0,0.0,88,7,5,12,11,3,2,27.126705646514893
TruckCount,T=15,r101.txt,4204,100,15,5,1,10.0,20.0,209.3657736605018,1570.0,0.0,86,5,9,14,12,2,3,27.559466123580933
TruckCount,T=15,r101.txt,4205,100,15,5,1,10.0,20.0,218.1189525945322,1590.0,0.0,91,3,6,9,14,1,3,27.531640768051147
TruckCount,T=15,r101.txt,4206,100,15,5,1,10.0,20.0,224.4239340508192,1340.0,0.0,89,5,6,11,13,2,3,24.08884596824646
TruckCount,T=15,r101.txt,4207,100,15,5,1,10.0,20.0,225.079925924008,1550.0,0.0,89,8,3,11,13,4,1,26.90786409378052
TruckCount,T=15,r101.txt,4208,100,15,5,1,10.0,20.0,206.19362111680192,1400.0,0.0,90,3,7,10,12,1,3,27.28667259216309
TruckCount,T=15,r101.txt,4209,100,15,5,1,10.0,20.0,225.17074199951128,1480.0,0.0,89,5,6,11,13,2,3,27.5428159236908
TruckCount,T=15,r101.txt,4210,100,15,5,1,10.0,20.0,209.53745151016437,1720.0,0.0,91,6,3,9,13,3,2,26.82987594604492
TruckCount,T=15,r101.txt,4211,100,15,5,1,10.0,20.0,206.9421710143256,1530.0,0.0,92,5,3,8,12,2,2,26.17817521095276
TruckCount,T=15,r101.txt,4212,100,15,5,1,10.0,20.0,219.25829134040447,1420.0,0.0,90,10,0,10,13,3,0,28.201997995376587
TruckCount,T=15,r101.txt,4213,100,15,5,1,10.0,20.0,235.9217595541368,1450.0,0.0,90,8,2,10,14,3,1,26.14927339553833
TruckCount,T=15,r101.txt,4214,100,15,5,1,10.0,20.0,233.686785838074,1420.0,0.0,92,4,4,8,14,1,2,26.49779582023621
TruckCount,T=15,r101.txt,4215,100,15,5,1,10.0,20.0,220.9402714329074,1380.0,0.0,89,6,5,11,13,2,2,26.166316270828247
TruckCount,T=15,r101.txt,4216,100,15,5,1,10.0,20.0,206.73255103572464,1730.0,0.0,90,3,7,10,12,1,3,29.110156774520878
TruckCount,T=15,r101.txt,4217,100,15,5,1,10.0,20.0,213.00508633522583,1390.0,0.0,87,7,6,13,12,3,3,28.2490873336792
TruckCount,T=15,r101.txt,4218,100,15,5,1,10.0,20.0,219.8202323321073,1380.0,0.0,90,4,6,10,13,1,2,27.13724398612976
TruckCount,T=15,r101.txt,4219,100,15,5,1,10.0,20.0,182.9350912355042,1580.0,0.0,85,6,9,15,10,3,3,27.958983421325684
TruckCount,T=15,r101.txt,4220,100,15,5,1,10.0,20.0,231.37534908341053,1330.0,0.0,91,0,9,9,14,0,3,28.69507670402527
TruckCount,T=15,r101.txt,4221,100,15,5,1,10.0,20.0,235.4356842747163,1420.0,0.0,93,7,0,7,14,3,0,26.661977291107178
TruckCount,T=15,r101.txt,4222,100,15,5,1,10.0,20.0,220.55212364736704,1390.0,0.0,89,3,8,11,13,1,3,25.34046721458435
TruckCount,T=15,r101.txt,4223,100,15,5,1,10.0,20.0,200.9725660977353,1520.0,0.0,87,5,8,13,11,3,4,29.279212474823
TruckCount,T=15,r101.txt,4224,100,15,5,1,10.0,20.0,219.6023092614482,1890.0,0.0,91,6,3,9,13,2,1,25.77280569076538
TruckCount,T=15,r101.txt,4225,100,15,5,1,10.0,20.0,202.96126984116356,1650.0,0.0,93,4,3,7,12,2,1,27.702582836151123
TruckCount,T=15,r101.txt,4226,100,15,5,1,10.0,20.0,209.2128976179585,1390.0,0.0,87,9,4,13,12,3,2,27.332758903503414
TruckCount,T=15,r101.txt,4227,100,15,5,1,10.0,20.0,232.81352866012816,1350.0,0.0,91,3,6,9,14,1,2,28.555863857269287
TruckCount,T=15,r101.txt,4228,100,15,5,1,10.0,20.0,194.8742529800075,1530.0,0.0,86,7,7,14,11,2,3,24.698400020599365
TruckCount,T=15,r101.txt,4229,100,15,5,1,10.0,20.0,220.70275637831108,1380.0,0.0,91,5,4,9,13,2,2,29.487670183181763
TruckCount,T=15,r101.txt,4230,100,15,5,1,10.0,20.0,217.1949993789949,1520.0,0.0,93,3,4,7,13,1,2,24.302800178527832
SpeedConfig,10_20,r101.txt,4201,100,15,5,1,10.0,20.0,199.3075558929291,1560.0,0.0,85,5,10,15,11,2,4,26.730556964874268
SpeedConfig,10_20,r101.txt,4202,100,15,5,1,10.0,20.0,219.9070043185597,1370.0,0.0,90,4,6,10,13,2,2,31.35820889472961
SpeedConfig,10_20,r101.txt,4203,100,15,5,1,10.0,20.0,197.3254170291412,1630.0,0.0,88,7,5,12,11,3,2,26.70066547393799
SpeedConfig,10_20,r101.txt,4204,100,15,5,1,10.0,20.0,209.3657736605018,1570.0,0.0,86,5,9,14,12,2,3,27.703132152557373
SpeedConfig,10_20,r101.txt,4205,100,15,5,1,10.0,20.0,218.1189525945322,1590.0,0.0,91,3,6,9,14,1,3,29.094337940216064
SpeedConfig,10_20,r101.txt,4206,100,15,5,1,10.0,20.0,224.4239340508192,1340.0,0.0,89,5,6,11,13,2,3,26.241767406463623
SpeedConfig,10_20,r101.txt,4207,100,15,5,1,10.0,20.0,225.079925924008,1550.0,0.0,89,8,3,11,13,4,1,30.04610013961792
SpeedConfig,10_20,r101.txt,4208,100,15,5,1,10.0,20.0,206.19362111680192,1400.0,0.0,90,3,7,10,12,1,3,27.705923795700077
SpeedConfig,10_20,r101.txt,4209,100,15,5,1,10.0,20.0,225.17074199951128,1480.0,0.0,89,5,6,11,13,2,3,28.062856912612915
SpeedConfig,10_20,r101.txt,4210,100,15,5,1,10.0,20.0,209.53745151016437,1720.0,0.0,91,6,3,9,13,3,2,27.405841588974
SpeedConfig,10_20,r101.txt,4211,100,15,5,1,10.0,20.0,206.9421710143256,1530.0,0.0,92,5,3,8,12,2,2,26.86925792694092
SpeedConfig,10_20,r101.txt,4212,100,15,5,1,10.0,20.0,219.25829134040447,1420.0,0.0,90,10,0,10,13,3,0,28.69224953651428
SpeedConfig,10_20,r101.txt,4213,100,15,5,1,10.0,20.0,235.9217595541368,1450.0,0.0,90,8,2,10,14,3,1,26.52936339378357
SpeedConfig,10_20,r101.txt,4214,100,15,5,1,10.0,20.0,233.686785838074,1420.0,0.0,92,4,4,8,14,1,2,26.65542960166931
SpeedConfig,10_20,r101.txt,4215,100,15,5,1,10.0,20.0,220.9402714329074,1380.0,0.0,89,6,5,11,13,2,2,26.289039611816406
SpeedConfig,10_20,r101.txt,4216,100,15,5,1,10.0,20.0,206.73255103572464,1730.0,0.0,90,3,7,10,12,1,3,28.16134238243103
SpeedConfig,10_20,r101.txt,4217,100,15,5,1,10.0,20.0,213.00508633522583,1390.0,0.0,87,7,6,13,12,3,3,27.914490461349487
SpeedConfig,10_20,r101.txt,4218,100,15,5,1,10.0,20.0,219.8202323321073,1380.0,0.0,90,4,6,10,13,1,2,27.110830068588257
SpeedConfig,10_20,r101.txt,4219,100,15,5,1,10.0,20.0,182.9350912355042,1580.0,0.0,85,6,9,15,10,3,3,27.95654511451721
SpeedConfig,10_20,r101.txt,4220,100,15,5,1,10.0,20.0,231.37534908341053,1330.0,0.0,91,0,9,9,14,0,3,28.76931595802307
SpeedConfig,10_20,r101.txt,4221,100,15,5,1,10.0,20.0,235.4356842747163,1420.0,0.0,93,7,0,7,14,3,0,27.01003479957581
SpeedConfig,10_20,r101.txt,4222,100,15,5,1,10.0,20.0,220.55212364736704,1390.0,0.0,89,3,8,11,13,1,3,25.67088842391968
SpeedConfig,10_20,r101.txt,4223,100,15,5,1,10.0,20.0,200.9725660977353,1520.0,0.0,87,5,8,13,11,3,4,29.38157439231873
SpeedConfig,10_20,r101.txt,4224,100,15,5,1,10.0,20.0,219.6023092614482,1890.0,0.0,91,6,3,9,13,2,1,26.10398530960083
SpeedConfig,10_20,r101.txt,4225,100,15,5,1,10.0,20.0,202.96126984116356,1650.0,0.0,93,4,3,7,12,2,1,27.87689018249512
SpeedConfig,10_20,r101.txt,4226,100,15,5,1,10.0,20.0,209.2128976179585,1390.0,0.0,87,9,4,13,12,3,2,27.29857563972473
SpeedConfig,10_20,r101.txt,4227,100,15,5,1,10.0,20.0,232.81352866012816,1350.0,0.0,91,3,6,9,14,1,2,28.81791925430298
SpeedConfig,10_20,r101.txt,4228,100,15,5,1,10.0,20.0,194.8742529800075,1530.0,0.0,86,7,7,14,11,2,3,25.06044602394104
SpeedConfig,10_20,r101.txt,4229,100,15,5,1,10.0,20.0,220.70275637831108,1380.0,0.0,91,5,4,9,13,2,2,29.282761335372925
SpeedConfig,10_20,r101.txt,4230,100,15,5,1,10.0,20.0,217.1949993789949,1520.0,0.0,93,3,4,7,13,1,2,24.48190760612488
SpeedConfig,15_20,r101.txt,4201,100,15,5,1,15.0,20.0,164.61877000010722,1090.0,0.0,90,5,5,10,10,2,3,24.963796138763428
SpeedConfig,15_20,r101.txt,4202,100,15,5,1,15.0,20.0,147.4530335185398,1300.0,0.0,92,3,5,8,9,1,3,25.82177996635437
SpeedConfig,15_20,r101.txt,4203,100,15,5,1,15.0,20.0,148.35109708834193,1116.6666666666667,0.0,90,3,7,10,10,2,5,24.06951141357422
SpeedConfig,15_20,r101.txt,4204,100,15,5,1,15.0,20.0,157.52174598161918,1190.0,0.0,94,5,1,6,9,1,1,22.01079773902893
SpeedConfig,15_20,r101.txt,4205,100,15,5,1,15.0,20.0,158.6467962838237,1166.6666666666667,0.0,91,6,3,9,9,1,2,24.44238519668579
SpeedConfig,15_20,r101.txt,4206,100,15,5,1,15.0,20.0,172.7934564644727,1043.3333333333337,0.0,91,5,4,9,10,1,2,25.004554271698
SpeedConfig,15_20,r101.txt,4207,100,15,5,1,15.0,20.0,184.26543296008333,1040.0,0.0,95,2,3,5,11,1,1,23.19661521911621
SpeedConfig,15_20,r101.txt,4208,100,15,5,1,15.0,20.0,165.06430361927568,1070.0,0.0,91,5,4,9,9,2,3,23.2207088470459
SpeedConfig,15_20,r101.txt,4209,100,15,5,1,15.0,20.0,164.71079552858416,1033.3333333333333,0.0,86,7,7,14,9,1,4,23.97534823417664
SpeedConfig,15_20,r101.txt,4210,100,15,5,1,15.0,20.0,193.5670299695842,996.6666666666669,0.0,90,4,6,10,11,2,3,27.350316762924194
SpeedConfig,15_20,r101.txt,4211,100,15,5,1,15.0,20.0,162.63216687664655,1110.0,0.0,91,7,2,9,9,2,2,23.38022494316101
SpeedConfig,15_20,r101.txt,4212,100,15,5,1,15.0,20.0,158.31928021676154,1110.0000000000002,0.0,92,5,3,8,9,1,2,23.29454350471497
SpeedConfig,15_20,r101.txt,4213,100,15,5,1,15.0,20.0,155.97375893926332,1210.0,0.0,93,5,2,7,9,1,1,24.722740411758423
SpeedConfig,15_20,r101.txt,4214,100,15,5,1,15.0,20.0,193.6791518989693,1026.6666666666667,0.0,94,3,3,6,11,3,2,24.878379583358765
SpeedConfig,15_20,r101.txt,4215,100,15,5,1,15.0,20.0,160.40870652886997,1020.0,0.0,91,3,6,9,10,1,3,21.65571880340576
SpeedConfig,15_20,r101.txt,4216,100,15,5,1,15.0,20.0,172.4365385616872,1030.0,0.0,92,0,8,8,10,0,3,22.2721745967865
SpeedConfig,15_20,r101.txt,4217,100,15,5,1,15.0,20.0,163.81752721833453,1030.0,0.0,90,5,5,10,9,2,3,24.251206159591675
SpeedConfig,15_20,r101.txt,4218,100,15,5,1,15.0,20.0,145.89752198401456,1196.6666666666667,0.0,93,5,2,7,8,2,1,25.929291248321533
SpeedConfig,15_20,r101.txt,4219,100,15,5,1,15.0,20.0,186.4790629746939,1023.3333333333331,0.0,93,3,4,7,11,1,2,24.084672927856445
SpeedConfig,15_20,r101.txt,4220,100,15,5,1,15.0,20.0,157.25812626133606,1050.0,0.0,92,3,5,8,9,1,2,21.004230976104736
SpeedConfig,15_20,r101.txt,4221,100,15,5,1,15.0,20.0,177.6730141398062,1060.0,0.0,91,4,5,9,10,2,2,23.61263370513916
SpeedConfig,15_20,r101.txt,4222,100,15,5,1,15.0,20.0,176.24624817458857,1066.6666666666667,0.0,92,4,4,8,10,1,3,26.8205463886261
SpeedConfig,15_20,r101.txt,4223,100,15,5,1,15.0,20.0,154.4969173134485,1120.0,0.0,93,0,7,7,9,0,2,25.528425455093384
SpeedConfig,15_20,r101.txt,4224,100,15,5,1,15.0,20.0,157.50996041029572,1120.0,0.0,90,5,5,10,9,1,2,20.767097234725952
SpeedConfig,15_20,r101.txt,4225,100,15,5,1,15.0,20.0,157.85182590674177,1166.6666666666667,0.0,92,5,3,8,9,1,2,24.134807348251343
SpeedConfig,15_20,r101.txt,4226,100,15,5,1,15.0,20.0,155.02438609463005,1073.3333333333333,0.0,93,7,0,7,9,2,0,25.360811710357662
SpeedConfig,15_20,r101.txt,4227,100,15,5,1,15.0,20.0,158.07079872982305,1066.6666666666667,0.0,91,7,2,9,10,2,1,23.85200500488281
SpeedConfig,15_20,r101.txt,4228,100,15,5,1,15.0,20.0,167.15939767670437,1130.0,0.0,96,4,0,4,10,1,0,23.661132097244263
SpeedConfig,15_20,r101.txt,4229,100,15,5,1,15.0,20.0,159.09382751704473,1080.0,0.0,92,3,5,8,9,1,2,26.00077247619629
SpeedConfig,15_20,r101.txt,4230,100,15,5,1,15.0,20.0,155.2936550584148,1093.3333333333337,0.0,92,6,2,8,10,1,2,21.59854888916016
SpeedConfig,10_25,r101.txt,4201,100,15,5,1,10.0,25.0,250.10781752079816,1320.0,0.0,90,4,6,10,15,1,3,25.01869201660156
SpeedConfig,10_25,r101.txt,4202,100,15,5,1,10.0,25.0,234.7182922080192,1370.0,0.0,90,5,5,10,14,2,2,25.13760113716125
SpeedConfig,10_25,r101.txt,4203,100,15,5,1,10.0,25.0,267.6834625154585,1260.0,0.0,84,7,9,16,15,3,6,27.33799982070923
SpeedConfig,10_25,r101.txt,4204,100,15,5,1,10.0,25.0,190.54337095810428,1420.0,0.0,88,7,5,12,11,2,2,26.559279441833496
SpeedConfig,10_25,r101.txt,4205,100,15,5,1,10.0,25.0,198.0704024688048,1370.0,0.0,85,5,10,15,11,2,4,24.37134599685669
SpeedConfig,10_25,r101.txt,4206,100,15,5,1,10.0,25.0,231.15371203865627,1530.0,0.0,94,4,2,6,14,1,1,27.196929931640625
SpeedConfig,10_25,r101.txt,4207,100,15,5,1,10.0,25.0,235.4186215353218,1420.0,0.0,91,1,8,9,14,1,3,26.97808122634888
SpeedConfig,10_25,r101.txt,4208,100,15,5,1,10.0,25.0,222.0768500986275,1400.0,0.0,90,5,5,10,13,2,2,28.86751437187195
SpeedConfig,10_25,r101.txt,4209,100,15,5,1,10.0,25.0,196.80289775543127,1630.0,0.0,90,6,4,10,11,3,2,25.918352127075195
SpeedConfig,10_25,r101.txt,4210,100,15,5,1,10.0,25.0,232.77711650852785,1400.0,0.0,93,3,4,7,14,1,2,25.39170265197754
SpeedConfig,10_25,r101.txt,4211,100,15,5,1,10.0,25.0,235.5517156458818,1380.0,0.0,92,4,4,8,14,2,2,26.858541011810303
SpeedConfig,10_25,r101.txt,4212,100,15,5,1,10.0,25.0,220.65276466287816,1370.0,0.0,86,8,6,14,13,2,2,26.49319696426392
SpeedConfig,10_25,r101.txt,4213,100,15,5,1,10.0,25.0,208.73465184110552,1430.0,0.0,85,8,7,15,12,2,2,25.86000657081604
SpeedConfig,10_25,r101.txt,4214,100,15,5,1,10.0,25.0,233.74725475413533,1550.0,0.0,92,5,3,8,14,2,1,27.909462690353397
SpeedConfig,10_25,r101.txt,4215,100,15,5,1,10.0,25.0,219.6656269527934,1380.0,0.0,92,6,2,8,13,2,1,27.03160333633423
SpeedConfig,10_25,r101.txt,4216,100,15,5,1,10.0,25.0,232.3215931098404,1410.0,0.0,91,6,3,9,14,2,1,26.391790628433228
SpeedConfig,10_25,r101.txt,4217,100,15,5,1,10.0,25.0,224.3926997204012,1390.0,0.0,88,4,8,12,13,2,3,28.21627140045166
SpeedConfig,10_25,r101.txt,4218,100,15,5,1,10.0,25.0,204.5630443203928,1380.0,0.0,89,8,3,11,12,2,1,25.92233943939209
SpeedConfig,10_25,r101.txt,4219,100,15,5,1,10.0,25.0,208.05385336379837,1420.0,0.0,88,8,4,12,12,1,3,25.487966299057007
SpeedConfig,10_25,r101.txt,4220,100,15,5,1,10.0,25.0,234.5180673036324,1320.0,0.0,90,0,10,10,14,0,4,28.4464008808136
SpeedConfig,10_25,r101.txt,4221,100,15,5,1,10.0,25.0,242.271868157605,1320.0,0.0,83,8,9,17,14,2,4,26.19092845916748
SpeedConfig,10_25,r101.txt,4222,100,15,5,1,10.0,25.0,206.51397636978817,1720.0,0.0,92,4,4,8,12,2,2,27.86606740951538
SpeedConfig,10_25,r101.txt,4223,100,15,5,1,10.0,25.0,218.86740603181732,1380.0,0.0,88,9,3,12,13,2,1,27.37657380104065
SpeedConfig,10_25,r101.txt,4224,100,15,5,1,10.0,25.0,195.11732617841244,1490.0,0.0,84,7,9,16,11,2,3,26.61890149116516
SpeedConfig,10_25,r101.txt,4225,100,15,5,1,10.0,25.0,206.98582575716836,1540.0,0.0,92,4,4,8,12,2,2,29.15932893753052
SpeedConfig,10_25,r101.txt,4226,100,15,5,1,10.0,25.0,211.55927559435423,1500.0,0.0,88,2,10,12,12,1,5,27.081101894378666
SpeedConfig,10_25,r101.txt,4227,100,15,5,1,10.0,25.0,221.3025315203194,1450.0,0.0,89,9,2,11,13,3,1,28.16844630241394
SpeedConfig,10_25,r101.txt,4228,100,15,5,1,10.0,25.0,207.7147798800196,1380.0,0.0,85,3,12,15,13,1,5,24.993518829345703
SpeedConfig,10_25,r101.txt,4229,100,15,5,1,10.0,25.0,203.91931975860035,1510.0,0.0,94,6,0,6,12,3,0,27.25910210609436
SpeedConfig,10_25,r101.txt,4230,100,15,5,1,10.0,25.0,221.1083705905852,1350.0,0.0,90,6,4,10,13,2,2,26.642276763916016
SpeedConfig,15_25,r101.txt,4201,100,15,5,1,15.0,25.0,158.88823605969588,1133.3333333333337,0.0,91,5,4,9,9,1,2,24.22312712669373
SpeedConfig,15_25,r101.txt,4202,100,15,5,1,15.0,25.0,156.11533214022265,1180.0,0.0,94,4,2,6,9,1,1,24.96146583557129
SpeedConfig,15_25,r101.txt,4203,100,15,5,1,15.0,25.0,161.270723273527,1103.3333333333333,0.0,92,6,2,8,9,2,2,25.229992389678955
SpeedConfig,15_25,r101.txt,4204,100,15,5,1,15.0,25.0,147.21724479935884,1120.0,0.0,86,12,2,14,8,3,1,20.96151304244995
SpeedConfig,15_25,r101.txt,4205,100,15,5,1,15.0,25.0,172.74153190095424,1050.0,0.0,91,3,6,9,10,1,2,24.09621787071228
SpeedConfig,15_25,r101.txt,4206,100,15,5,1,15.0,25.0,170.19678859904906,1086.6666666666667,0.0,90,6,4,10,10,1,1,23.30254817008972
SpeedConfig,15_25,r101.txt,4207,100,15,5,1,15.0,25.0,176.5675703392057,983.3333333333334,0.0,86,7,7,14,10,1,3,22.609025716781616
SpeedConfig,15_25,r101.txt,4208,100,15,5,1,15.0,25.0,159.26000308359312,1043.3333333333333,0.0,91,7,2,9,10,2,2,21.72166109085083
SpeedConfig,15_25,r101.txt,4209,100,15,5,1,15.0,25.0,161.42043488610346,1050.0,0.0,89,6,5,11,10,1,4,24.91972327232361
SpeedConfig,15_25,r101.txt,4210,100,15,5,1,15.0,25.0,190.80070033301905,983.3333333333334,0.0,93,4,3,7,11,1,3,22.206120252609253
SpeedConfig,15_25,r101.txt,4211,100,15,5,1,15.0,25.0,156.1689696334868,1173.3333333333337,0.0,94,5,1,6,9,1,1,26.558393478393555
SpeedConfig,15_25,r101.txt,4212,100,15,5,1,15.0,25.0,180.9256508453809,963.3333333333331,0.0,86,7,7,14,10,3,3,22.774200916290283
SpeedConfig,15_25,r101.txt,4213,100,15,5,1,15.0,25.0,158.67671245984178,1120.0,0.0,94,3,3,6,9,1,2,24.74098777770996
SpeedConfig,15_25,r101.txt,4214,100,15,5,1,15.0,25.0,175.91777420984565,1003.3333333333331,0.0,89,5,6,11,10,2,2,21.971977472305294
SpeedConfig,15_25,r101.txt,4215,100,15,5,1,15.0,25.0,164.50167211129698,1093.3333333333333,0.0,88,2,10,12,10,1,5,24.11131167411804
SpeedConfig,15_25,r101.txt,4216,100,15,5,1,15.0,25.0,174.8522984272656,1050.0,0.0,91,2,7,9,10,1,3,23.48587155342102
SpeedConfig,15_25,r101.txt,4217,100,15,5,1,15.0,25.0,147.07957429144028,1120.0,0.0,90,6,4,10,8,1,3,24.024163484573364
SpeedConfig,15_25,r101.txt,4218,100,15,5,1,15.0,25.0,150.25495919479226,1156.6666666666667,0.0,88,8,4,12,8,3,2,24.12524652481079
SpeedConfig,15_25,r101.txt,4219,100,15,5,1,15.0,25.0,171.93496844670383,1023.3333333333331,0.0,92,5,3,8,10,1,2,23.07665228843689
SpeedConfig,15_25,r101.txt,4220,100,15,5,1,15.0,25.0,194.2588566185476,990.0,0.0,88,2,10,12,11,1,4,26.7601158618927
SpeedConfig,15_25,r101.txt,4221,100,15,5,1,15.0,25.0,175.25898469214656,1043.3333333333333,0.0,92,2,6,8,11,1,4,23.40533685684204
SpeedConfig,15_25,r101.txt,4222,100,15,5,1,15.0,25.0,177.33786778671325,1086.6666666666667,0.0,91,5,4,9,11,1,3,25.70501017570496
SpeedConfig,15_25,r101.txt,4223,100,15,5,1,15.0,25.0,169.83689001512806,930.0,0.0,83,4,13,17,9,2,5,19.61267852783203
SpeedConfig,15_25,r101.txt,4224,100,15,5,1,15.0,25.0,161.17616608072365,1046.6666666666667,0.0,87,7,6,13,9,1,3,23.791104793548584
SpeedConfig,15_25,r101.txt,4225,100,15,5,1,15.0,25.0,192.048651380694,1006.6666666666666,0.0,90,0,10,10,11,0,4,23.84606671333313
SpeedConfig,15_25,r101.txt,4226,100,15,5,1,15.0,25.0,174.4492053691983,1030.0,0.0,90,8,2,10,10,2,1,25.305206298828125
SpeedConfig,15_25,r101.txt,4227,100,15,5,1,15.0,25.0,211.7854138144944,943.3333333333331,0.0,87,4,9,13,12,1,5,25.15588402748108
SpeedConfig,15_25,r101.txt,4228,100,15,5,1,15.0,25.0,169.77841109751617,1053.3333333333333,0.0,95,4,1,5,10,1,1,25.650694370269772
SpeedConfig,15_25,r101.txt,4229,100,15,5,1,15.0,25.0,155.06992851690035,1066.6666666666663,0.0,94,0,6,6,9,0,2,24.842960596084595
SpeedConfig,15_25,r101.txt,4230,100,15,5,1,15.0,25.0,161.84326432304815,1093.3333333333337,0.0,88,8,4,12,9,2,2,23.983717679977417
